Product Name,Price,Actual Price
Dillinger Navy PlainT-shirtt-shirt,₹539,1199
Iron Face Half Sleeve T-Shirt (AVL) Black,₹349,799
Freedom Feather Half Sleeve T-Shirt Black ,₹329,799
Jet Black Half Sleeve T-Shirt,₹349,399
Freedom Feather Half Sleeve T-Shirt Bold Red ,₹399,799
Navy Blue Half Sleeve T-Shirt,₹349,399
White Half Sleeve T-Shirt,₹349,399
Lost Mountains Half Sleeve T-Shirt,₹399,499
White Blocks and Fonts AOP Half Sleeve T-Shirt,₹499,899
My Ride Half Sleeve T-Shirt White,₹399,799
Bleh Blah Round Neck Varsity T-Shirt,₹349,899
Bubble Gum Tie & Dye T-Shirt,₹599,999
Definitely Not 7 Half Sleeve T-Shirt Black,₹399,799
No End Half Sleeve T-Shirt,₹299,799
Friends Logo Half Sleeve T-Shirt (FRL),₹399,499
Navy Blue Full Sleeve T-Shirt,₹399,499
Save It Anyhow Half Sleeve T-Shirt Navy Blue,₹399,799
Retro Red Stripe AOP T-Shirt,₹399,799
Busy Doin Nothing Half Sleeve T-shirt,₹399,499
Save Trees Half Sleeve T-Shirt Navy Blue,₹399,499
More Memories Half Sleeve T-Shirt Navy Blue,₹399,499
Iron Man Of War Half Sleeve T-Shirt (AVL),₹399,499
Cherry Red Full Sleeve T-Shirt,₹329,599
Daffy Awesome Half Sleeve T-Shirt (LTL),₹349,499
Batman Outline Logo Half Sleeve T-Shirt (BML) Black,₹349,499
Helmet Boxing Half Sleeve T-Shirt,₹399,799
Hammer Of Thor Half Sleeve T-Shirt (AVL),₹399,499
Chili Pepper-Pageant Blue Raglan Half Sleeves T-Shirt,₹349,899
